<?xml version="1.0" encoding="UTF-8" ?>
<document>
<!--The data in this file is primarily intended for consumption by Xilinx tools.
The structure and the elements are likely to change over the next few releases.
This means code written to parse this file will need to be revisited each subsequent release.-->
<application name="pa" timeStamp="Fri Jan 13 14:05:40 2017">
<section name="Project Information" visible="false">
<property name="ProjectID" value="c563cdd2943d42e196ea8d301b42eb45" type="ProjectID"/>
<property name="ProjectIteration" value="51" type="ProjectIteration"/>
</section>
<section name="PlanAhead Usage" visible="true">
<item name="Project Data">
<property name="SrcSetCount" value="1" type="SrcSetCount"/>
<property name="ConstraintSetCount" value="1" type="ConstraintSetCount"/>
<property name="DesignMode" value="RTL" type="DesignMode"/>
<property name="SynthesisStrategy" value="Vivado Synthesis Defaults" type="SynthesisStrategy"/>
<property name="ImplStrategy" value="Vivado Implementation Defaults" type="ImplStrategy"/>
</item>
<item name="Java Command Handlers">
<property name="AddSources" value="3" type="JavaHandler"/>
<property name="CoreView" value="1" type="JavaHandler"/>
<property name="CustomizeCore" value="1" type="JavaHandler"/>
<property name="EditRedo" value="3" type="JavaHandler"/>
<property name="LaunchOpenTarget" value="6" type="JavaHandler"/>
<property name="LaunchProgramFpga" value="20" type="JavaHandler"/>
<property name="NewProject" value="1" type="JavaHandler"/>
<property name="OpenHardwareManager" value="5" type="JavaHandler"/>
<property name="ProjectSummary" value="3" type="JavaHandler"/>
<property name="RunBitgen" value="50" type="JavaHandler"/>
<property name="RunImplementation" value="1" type="JavaHandler"/>
<property name="SaveFileProxyHandler" value="1" type="JavaHandler"/>
<property name="SetTopNode" value="1" type="JavaHandler"/>
<property name="ShowView" value="5" type="JavaHandler"/>
<property name="ViewTaskImplementation" value="1" type="JavaHandler"/>
<property name="ViewTaskRTLAnalysis" value="1" type="JavaHandler"/>
<property name="ui.views.b.h.f" value="1" type="JavaHandler"/>
</item>
<item name="Gui Resources Info">
<property name="FINISH, Finish" value="1" type="GuiResourceData"/>
<property name="NEXT, Next " value="3" type="GuiResourceData"/>
<property name="PAResourceCommand.PACommandNames_OPEN_TARGET_WIZARD, Open New Target..." value="1" type="GuiResourceData"/>
<property name="PAResourceEtoH.FlowNavigatorTreePanel_FLOW_NAVIGATOR_TREE, [, Program and Debug, Open Hardware Manager], 26, true" value="1" type="GuiResourceData"/>
<property name="PAResourceOtoP.ProgramDebugTab_OPEN_RECENTLY_OPENED_TARGET, Recent Targets" value="1" type="GuiResourceData"/>
<property name="PAResourceOtoP.ProgramDebugTab_OPEN_TARGET, Open target" value="1" type="GuiResourceData"/>
<property name="PAResourceOtoP.ProgramDebugTab_PROGRAM_DEVICE, Program device" value="1" type="GuiResourceData"/>
<property name="PAResourceOtoP.ProgramFpgaDialog_PROGRAM, Program" value="1" type="GuiResourceData"/>
</item>
<item name="Other">
<property name="GuiMode" value="83" type="GuiMode"/>
<property name="BatchMode" value="0" type="BatchMode"/>
<property name="TclMode" value="65" type="TclMode"/>
</item>
</section>
</application>
</document>
