<?xml version="1.0" encoding="UTF-8" ?>
<document>
<!--The data in this file is primarily intended for consumption by Xilinx tools.
The structure and the elements are likely to change over the next few releases.
This means code written to parse this file will need to be revisited each subsequent release.-->
<application name="pa" timeStamp="Fri Jan 13 13:35:55 2017">
<section name="Project Information" visible="false">
<property name="ProjectID" value="ce387bc5c3404b3ba5698fd09adc3563" type="ProjectID"/>
<property name="ProjectIteration" value="152" type="ProjectIteration"/>
</section>
<section name="PlanAhead Usage" visible="true">
<item name="Project Data">
<property name="SrcSetCount" value="1" type="SrcSetCount"/>
<property name="ConstraintSetCount" value="1" type="ConstraintSetCount"/>
<property name="DesignMode" value="RTL" type="DesignMode"/>
<property name="SynthesisStrategy" value="Vivado Synthesis Defaults" type="SynthesisStrategy"/>
<property name="ImplStrategy" value="Vivado Implementation Defaults" type="ImplStrategy"/>
</item>
<item name="Java Command Handlers">
<property name="EditRedo" value="30" type="JavaHandler"/>
<property name="EditUndo" value="1" type="JavaHandler"/>
<property name="LaunchOpenTarget" value="9" type="JavaHandler"/>
<property name="LaunchProgramFpga" value="62" type="JavaHandler"/>
<property name="OpenHardwareManager" value="10" type="JavaHandler"/>
<property name="OpenRecentTarget" value="3" type="JavaHandler"/>
<property name="ProgramDevice" value="2" type="JavaHandler"/>
<property name="ProjectSettingsCmdHandler" value="1" type="JavaHandler"/>
<property name="ProjectSummary" value="1" type="JavaHandler"/>
<property name="RunBitgen" value="161" type="JavaHandler"/>
<property name="RunSynthesis" value="1" type="JavaHandler"/>
<property name="ShowView" value="8" type="JavaHandler"/>
<property name="ViewTaskImplementation" value="1" type="JavaHandler"/>
<property name="ViewTaskRTLAnalysis" value="1" type="JavaHandler"/>
</item>
<item name="Gui Resources Info">
<property name="PAResourceAtoD.CmdMsgDialog_OK, OK" value="1" type="GuiResourceData"/>
<property name="PAResourceCommand.PACommandNames_PROJECT_SUMMARY, Project Summary" value="1" type="GuiResourceData"/>
<property name="PAResourceEtoH.FlowNavigatorTreePanel_FLOW_NAVIGATOR_TREE, [, Implementation, Open Implemented Design], 22, true" value="1" type="GuiResourceData"/>
<property name="PAResourceEtoH.FlowNavigatorTreePanel_FLOW_NAVIGATOR_TREE, [, RTL Analysis, Open Elaborated Design], 14, true" value="1" type="GuiResourceData"/>
<property name="PAResourceItoN.MainMenuMgr_WINDOW, Window" value="2" type="GuiResourceData"/>
<property name="PAResourceOtoP.ProgramDebugTab_PROGRAM_DEVICE, Program device" value="1" type="GuiResourceData"/>
<property name="PAResourceOtoP.ProgramFpgaDialog_PROGRAM, Program" value="1" type="GuiResourceData"/>
<property name="PAResourceOtoP.ProjectSummaryUtilizationPanel_PROJECT_SUMMARY_UTILIZATION_PANEL_TABBED, PAResourceOtoP.ProjectSummaryUtilizationPanel_TABLE, Table, 1" value="1" type="GuiResourceData"/>
<property name="RDIResource.BaseDialog_OK, OK" value="1" type="GuiResourceData"/>
<property name="RDIResource.ProgressDialog_CANCEL, Cancel" value="1" type="GuiResourceData"/>
</item>
<item name="Other">
<property name="GuiMode" value="82" type="GuiMode"/>
<property name="BatchMode" value="0" type="BatchMode"/>
<property name="TclMode" value="64" type="TclMode"/>
</item>
</section>
</application>
</document>
