<?xml version="1.0" encoding="UTF-8"?>
<GenRun Id="impl_1" LaunchPart="xc7a35tcpg236-1" LaunchTime="1483085228">
  <File Type="OPT-DCP" Name="LAB11_opt.dcp"/>
  <File Type="ROUTE-STATUS-PB" Name="LAB11_route_status.pb"/>
  <File Type="PA-TCL" Name="LAB11.tcl"/>
  <File Type="RDI-RDI" Name="LAB11.vdi"/>
  <File Type="PWROPT-DRC" Name="LAB11_drc_pwropted.rpt"/>
  <File Type="OPT-METHODOLOGY-DRC" Name="LAB11_methodology_drc_opted.rpt"/>
  <File Type="INIT-TIMING" Name="LAB11_timing_summary_init.rpt"/>
  <File Type="OPT-DRC" Name="LAB11_drc_opted.rpt"/>
  <File Type="PWROPT-DCP" Name="LAB11_pwropt.dcp"/>
  <File Type="OPT-HWDEF" Name="LAB11.hwdef"/>
  <File Type="OPT-TIMING" Name="LAB11_timing_summary_opted.rpt"/>
  <File Type="PWROPT-TIMING" Name="LAB11_timing_summary_pwropted.rpt"/>
  <File Type="PLACE-DCP" Name="LAB11_placed.dcp"/>
  <File Type="PLACE-IO" Name="LAB11_io_placed.rpt"/>
  <File Type="PLACE-CLK" Name="LAB11_clock_utilization_placed.rpt"/>
  <File Type="PLACE-UTIL" Name="LAB11_utilization_placed.rpt"/>
  <File Type="PLACE-UTIL-PB" Name="LAB11_utilization_placed.pb"/>
  <File Type="PLACE-CTRL" Name="LAB11_control_sets_placed.rpt"/>
  <File Type="PLACE-SIMILARITY" Name="LAB11_incremental_reuse_placed.rpt"/>
  <File Type="PLACE-PRE-SIMILARITY" Name="LAB11_incremental_reuse_pre_placed.rpt"/>
  <File Type="PLACE-TIMING" Name="LAB11_timing_summary_placed.rpt"/>
  <File Type="POSTPLACE-PWROPT-DCP" Name="LAB11_postplace_pwropt.dcp"/>
  <File Type="POSTPLACE-PWROPT-TIMING" Name="LAB11_timing_summary_postplace_pwropted.rpt"/>
  <File Type="PHYSOPT-DCP" Name="LAB11_physopt.dcp"/>
  <File Type="PHYSOPT-DRC" Name="LAB11_drc_physopted.rpt"/>
  <File Type="PHYSOPT-TIMING" Name="LAB11_timing_summary_physopted.rpt"/>
  <File Type="ROUTE-DCP" Name="LAB11_routed.dcp"/>
  <File Type="ROUTE-BLACKBOX-DCP" Name="LAB11_routed_bb.dcp"/>
  <File Type="ROUTE-DRC" Name="LAB11_drc_routed.rpt"/>
  <File Type="ROUTE-DRC-PB" Name="LAB11_drc_routed.pb"/>
  <File Type="ROUTE-METHODOLOGY-DRC" Name="LAB11_methodology_drc_routed.rpt"/>
  <File Type="BG-BIT" Name="LAB11.bit"/>
  <File Type="ROUTE-METHODOLOGY-DRC-PB" Name="LAB11_methodology_drc_routed.pb"/>
  <File Type="ROUTE-PWR" Name="LAB11_power_routed.rpt"/>
  <File Type="ROUTE-PWR-SUM" Name="LAB11_power_summary_routed.pb"/>
  <File Type="ROUTE-PWR-RPX" Name="LAB11_power_routed.rpx"/>
  <File Type="ROUTE-STATUS" Name="LAB11_route_status.rpt"/>
  <File Type="ROUTE-TIMINGSUMMARY" Name="LAB11_timing_summary_routed.rpt"/>
  <File Type="ROUTE-TIMING-PB" Name="LAB11_timing_summary_routed.pb"/>
  <File Type="ROUTE-TIMING-RPX" Name="LAB11_timing_summary_routed.rpx"/>
  <File Type="ROUTE-SIMILARITY" Name="LAB11_incremental_reuse_routed.rpt"/>
  <File Type="ROUTE-CLK" Name="LAB11_clock_utilization_routed.rpt"/>
  <File Type="POSTROUTE-PHYSOPT-DCP" Name="LAB11_postroute_physopt.dcp"/>
  <File Type="POSTROUTE-PHYSOPT-BLACKBOX-DCP" Name="LAB11_postroute_physopt_bb.dcp"/>
  <File Type="POSTROUTE-PHYSOPT-TIMING" Name="LAB11_timing_summary_postroute_physopted.rpt"/>
  <File Type="POSTROUTE-PHYSOPT-TIMING-PB" Name="LAB11_timing_summary_postroute_physopted.pb"/>
  <File Type="POSTROUTE-PHYSOPT-TIMING-RPX" Name="LAB11_timing_summary_postroute_physopted.rpx"/>
  <File Type="BG-BIN" Name="LAB11.bin"/>
  <File Type="BITSTR-MSK" Name="LAB11.msk"/>
  <File Type="BITSTR-RBT" Name="LAB11.rbt"/>
  <File Type="BITSTR-NKY" Name="LAB11.nky"/>
  <File Type="BITSTR-BMM" Name="LAB11_bd.bmm"/>
  <File Type="BITSTR-MMI" Name="LAB11.mmi"/>
  <File Type="BITSTR-SYSDEF" Name="LAB11.sysdef"/>
  <File Type="BG-BGN" Name="LAB11.bgn"/>
  <File Type="BG-DRC" Name="LAB11.drc"/>
  <File Type="WBT-USG" Name="usage_statistics_webtalk.html"/>
  <FileSet Name="sources" Type="DesignSrcs" RelSrcDir="$PSRCDIR/sources_1">
    <Filter Type="Srcs"/>
    <File Path="$PPRDIR/src/don&apos;t touch/lib.v">
      <FileInfo>
        <Attr Name="UsedIn" Val="synthesis"/>
        <Attr Name="UsedIn" Val="implementation"/>
        <Attr Name="UsedIn" Val="simulation"/>
      </FileInfo>
    </File>
    <File Path="$PPRDIR/src/don&apos;t touch/ssDisplayer.v">
      <FileInfo>
        <Attr Name="UsedIn" Val="synthesis"/>
        <Attr Name="UsedIn" Val="implementation"/>
        <Attr Name="UsedIn" Val="simulation"/>
      </FileInfo>
    </File>
    <File Path="$PPRDIR/src/don&apos;t touch/ssDecoder.v">
      <FileInfo>
        <Attr Name="UsedIn" Val="synthesis"/>
        <Attr Name="UsedIn" Val="implementation"/>
        <Attr Name="UsedIn" Val="simulation"/>
      </FileInfo>
    </File>
    <File Path="$PPRDIR/src/don&apos;t touch/SevenSegment.v">
      <FileInfo>
        <Attr Name="UsedIn" Val="synthesis"/>
        <Attr Name="UsedIn" Val="implementation"/>
        <Attr Name="UsedIn" Val="simulation"/>
      </FileInfo>
    </File>
    <File Path="$PPRDIR/src/don&apos;t touch/ButtonFSM.v">
      <FileInfo>
        <Attr Name="UsedIn" Val="synthesis"/>
        <Attr Name="UsedIn" Val="implementation"/>
        <Attr Name="UsedIn" Val="simulation"/>
      </FileInfo>
    </File>
    <File Path="$PPRDIR/src/BP_TimerController.v">
      <FileInfo>
        <Attr Name="UsedIn" Val="synthesis"/>
        <Attr Name="UsedIn" Val="implementation"/>
        <Attr Name="UsedIn" Val="simulation"/>
      </FileInfo>
    </File>
    <File Path="$PPRDIR/src/don&apos;t touch/LAB11.v">
      <FileInfo>
        <Attr Name="UsedIn" Val="synthesis"/>
        <Attr Name="UsedIn" Val="implementation"/>
        <Attr Name="UsedIn" Val="simulation"/>
      </FileInfo>
    </File>
    <File Path="$PPRDIR/src/don&apos;t touch/Timer.v">
      <FileInfo>
        <Attr Name="AutoDisabled" Val="1"/>
        <Attr Name="UsedIn" Val="synthesis"/>
        <Attr Name="UsedIn" Val="implementation"/>
        <Attr Name="UsedIn" Val="simulation"/>
      </FileInfo>
    </File>
    <Config>
      <Option Name="DesignMode" Val="RTL"/>
      <Option Name="TopModule" Val="LAB11"/>
      <Option Name="TopAutoSet" Val="TRUE"/>
    </Config>
  </FileSet>
  <FileSet Name="constrs_in" Type="Constrs" RelSrcDir="$PSRCDIR/constrs_1">
    <Filter Type="Constrs"/>
    <File Path="$PPRDIR/src/don&apos;t touch/PortDefine_basys3.xdc">
      <FileInfo>
        <Attr Name="UsedIn" Val="synthesis"/>
        <Attr Name="UsedIn" Val="implementation"/>
      </FileInfo>
    </File>
    <Config>
      <Option Name="ConstrsType" Val="XDC"/>
    </Config>
  </FileSet>
  <Strategy Version="1" Minor="2">
    <StratHandle Name="Vivado Implementation Defaults" Flow="Vivado Implementation 2016"/>
    <Step Id="init_design"/>
    <Step Id="opt_design"/>
    <Step Id="power_opt_design"/>
    <Step Id="place_design"/>
    <Step Id="post_place_power_opt_design"/>
    <Step Id="phys_opt_design"/>
    <Step Id="route_design"/>
    <Step Id="post_route_phys_opt_design"/>
    <Step Id="write_bitstream"/>
  </Strategy>
  <BlockFileSet Type="BlockSrcs" Name="clk_wiz_0"/>
</GenRun>
